Name,City,Website,Email,Phone,Instagram,Notes
Beverly Hills Dental Group,Los Angeles,https://www.beverlyhillsdentalgroup.com,,+1 310-275-1231,@beverlyhillsdentalgroup,Beverly Hills; cosmetic dentistry and smile design
Westwood Dental Group,Los Angeles,https://www.westwooddentalgroup.com,,+1 310-443-5252,@westwooddentalgroup,Westwood/UCLA area; family and cosmetic dentistry
Los Angeles Dental Clinic,Los Angeles,https://www.ladentalclinic.com,,+1 213-385-9710,@ladentalclinic,Koreatown; multilingual dental services
Hollywood Smile Dental,Los Angeles,https://www.hollywoodsmiledental.com,,+1 323-463-6660,@hollywoodsmiledental,Hollywood; veneers and cosmetic dentistry
Santa Monica Dental,Los Angeles,https://www.santamonicadental.com,,+1 310-451-3331,@santamonicadental,Santa Monica; comprehensive dental care
Brentwood Dental Arts,Los Angeles,https://www.brentwooddentalarts.com,,+1 310-820-9123,@brentwooddentalarts,Brentwood; cosmetic and restorative dentistry
LA Dental Group,Los Angeles,https://www.ladentalgroup.com,,+1 310-659-5400,@ladentalgroup,West Hollywood; general and cosmetic dentistry
Culver City Dental Center,Los Angeles,https://www.culvercitydentalcenter.com,,+1 310-838-9900,@culvercitydental,Culver City; family dental practice
Manhattan Beach Dental Studio,Los Angeles,https://www.mbdentalstudio.com,,+1 310-545-7775,@mbdentalstudio,Manhattan Beach; cosmetic and preventative dentistry
Smile LA,Los Angeles,https://www.smile-la.com,,+1 310-229-4944,@smilela,Century City; advanced cosmetic and implant dentistry
Pasadena Dental Arts,Los Angeles,https://www.pasadenadentalarts.com,,+1 626-793-3737,@pasadenadentalarts,Pasadena; complete family dental care
Glendale Smile Dental,Los Angeles,https://www.glendaledentalsmile.com,,+1 818-241-1133,@glendalesmile,Glendale; cosmetic dentistry and orthodontics
Downtown LA Dental,Los Angeles,https://www.downtownladental.com,,+1 213-623-4444,@downtownladental,DTLA financial district; modern dental office
Century Smile Dental,Los Angeles,https://www.centurysmiledental.com,,+1 310-559-9777,@centurysmiledental,Culver City; implants and cosmetic dentistry
Silverlake Dental,Los Angeles,https://www.silverlakedentalla.com,,+1 323-667-0700,@silverlakedral,Silver Lake; eco-friendly holistic dentistry
Venice Dental Center,Los Angeles,https://www.venicedentalcenter.com,,+1 310-301-4954,@venicedentalcenter,Venice Beach; beach-community dental clinic
Koreatown Dental Group,Los Angeles,https://www.koreatowndentalgroup.com,,+1 213-487-2266,@koreatowndental,Koreatown; Korean and English bilingual dental team
Long Beach Dental Arts,Los Angeles,https://www.longbeachdentalarts.com,,+1 562-434-9222,@lbdentalarts,Long Beach; comprehensive dental care
Encino Dental Studio,Los Angeles,https://www.encinodentalstudio.com,,+1 818-789-2988,@encinodentalstudio,Encino/Valley; high-tech dental practice
West LA Dental Center,Los Angeles,https://www.westladentalcenter.com,,+1 310-478-5678,@westladentalcenter,West LA; family and cosmetic dentistry
